semana;dia;horario_brasilia;id;formato;tema;estado
1;terça;12h;P01;Arte estática;Loja online e rotina organizada;"proposta revisada; não agendada"
1;quinta;12h;P02;Carrossel;Catálogo que explica o produto;"proposta revisada; não agendada"
1;sábado;18h;P03;Vídeo 30s;Da vitrine à conversa comercial;"proposta revisada; não agendada"
2;terça;12h;P04;Carrossel;Cardápio e operação de restaurante;"proposta revisada; não agendada"
2;quinta;12h;P05;Arte estática;Entrega ou retirada? Clareza antes do pedido;"proposta revisada; não agendada"
2;sábado;18h;P06;Vídeo 30s;Como apresentar o cardápio online;"proposta revisada; não agendada"
3;terça;12h;P07;Carrossel;Estoque e caixa no dia a dia;"proposta revisada; não agendada"
3;quinta;12h;P08;Carrossel;Conversa com cliente com mais contexto;"proposta revisada; não agendada"
3;sábado;18h;P09;Arte estática;Essencial agora, módulos quando fizer sentido;"proposta revisada; não agendada"
4;terça;12h;P10;Carrossel;Checklist antes de publicar sua vitrine;"proposta revisada; não agendada"
4;quinta;12h;P11;Vídeo 30s;Qual operação combina com seu negócio?;"proposta revisada; não agendada"
4;sábado;18h;P12;Arte estática;Conheça a ShopAir para a sua rotina;"proposta revisada; não agendada"
